ID,Name,Email,Product Title,Price,Quantity
1,Foo Bar,test@example.com,,,
,,,Title 1,13,1
,,,Title 1,67,9
2,Foo Bar,test@example.com,,,
,,,Title 2,55,5
3,Foo Bar,test@example.com,,,
,,,Title 3,82,8
,,,Title 3,89,2
,,,Title 3,53,3
4,Foo Bar,test@example.com,,,
5,Foo Bar,test@example.com,,,
,,,Title 5,75,6
6,Foo Bar,test@example.com,,,
,,,Title 6,33,2
7,Foo Bar,test@example.com,,,
,,,Title 7,17,2
,,,Title 7,37,5
,,,Title 7,40,1
8,Foo Bar,test@example.com,,,
,,,Title 8,90,9
,,,Title 8,79,1
9,Foo Bar,test@example.com,,,
,,,Title 9,41,8
10,Foo Bar,test@example.com,,,
,,,Title 10,83,1
11,Foo Bar,test@example.com,,,
,,,Title 11,31,9
12,Foo Bar,test@example.com,,,
13,Foo Bar,test@example.com,,,
,,,Title 13,62,9
14,Foo Bar,test@example.com,,,
15,Foo Bar,test@example.com,,,
,,,Title 15,23,7
16,Foo Bar,test@example.com,,,
17,Foo Bar,test@example.com,,,
18,Foo Bar,test@example.com,,,
,,,Title 18,8,9
,,,Title 18,89,6
19,Foo Bar,test@example.com,,,
,,,Title 19,93,6
20,Foo Bar,test@example.com,,,
,,,Title 20,56,5
21,Foo Bar,test@example.com,,,
22,Foo Bar,test@example.com,,,
,,,Title 22,48,5
,,,Title 22,43,2
23,Foo Bar,test@example.com,,,
24,Foo Bar,test@example.com,,,
25,Foo Bar,test@example.com,,,
26,Foo Bar,test@example.com,,,
,,,Title 26,83,1
27,Foo Bar,test@example.com,,,
,,,Title 27,21,3
,,,Title 27,17,2
28,Foo Bar,test@example.com,,,
29,Foo Bar,test@example.com,,,
,,,Title 29,68,9
30,Foo Bar,test@example.com,,,
